,index,values
0,Mean Train,0.13387482706346535
1,Mean test,0.13408263035346088
2,Std train,0.26876815226629636
3,Std test,0.26962231469655257
4,R2 test,0.303
5,R2 train,0.30595314993052203
6,MSE,0.05868323179069599
